{
  "packages": {
    "benchmark": {
      "version": "1.8.0",
      "git_url": "https://github.com/google/benchmark.git",
      "git_tag": "v${version}"
    },
    "bs_thread_pool": {
      "version": "4.1.0",
      "git_url": "https://github.com/bshoshany/thread-pool.git",
      "git_tag": "097aa718f25d44315cadb80b407144ad455ee4f9"
    },
    "CCCL": {
      "version": "2.7.0",
      "git_shallow": false,
      "git_url": "https://github.com/NVIDIA/cccl.git",
      "git_tag": "v${version}",
      "patches": [
        {
          "file": "cccl/backport-suppress-execution-checks.patch",
          "issue": "backport suppression for execution types for vocabulary types https://github.com/NVIDIA/cccl/pull/3578",
          "fixed_in": "3.0.0"
        }
      ]
    },
    "cuco": {
      "version": "0.0.1",
      "git_shallow": false,
      "always_download": true,
      "git_url": "https://github.com/NVIDIA/cuCollections.git",
      "git_tag": "deab5799f3e4226cb8a49acf2199c03b14941ee4"
    },
    "rapids_logger": {
      "version": "0.1.0",
      "git_shallow": false,
      "always_download": true,
      "git_url": "https://github.com/rapidsai/rapids-logger.git",
      "git_tag": "8968ab3337f31c845d4e3bf6c55ae89242ded22b"
    },
    "fmt": {
      "version": "11.0.2",
      "git_url": "https://github.com/fmtlib/fmt.git",
      "git_tag": "${version}",
      "patches": [
        {
          "file": "fmt/fix_11_0_2_unreachable_loop.diff",
          "issue": "fmt 11.0.2 produces a warning about an unreachable loop when compiled with nvcc"
        }
      ]
    },
    "GTest": {
      "version": "1.13.0",
      "git_url": "https://github.com/google/googletest.git",
      "git_tag": "v${version}"
    },
    "nvbench": {
      "version": "0.0",
      "git_shallow": false,
      "git_url": "https://github.com/NVIDIA/nvbench.git",
      "git_tag": "555d628e9b250868c9da003e4407087ff1982e8e"
    },
    "nvcomp": {
      "version": "4.2.0.11",
      "git_url": "https://github.com/NVIDIA/nvcomp.git",
      "git_tag": "v2.2.0",
      "proprietary_binary_cuda_version_mapping": {
        "11": "11",
        "12": "12"
      },
      "proprietary_binary": {
        "x86_64-linux": "https://developer.download.nvidia.com/compute/nvcomp/redist/nvcomp/linux-x86_64/nvcomp-linux-x86_64-${version}_cuda${cuda-toolkit-version-mapping}-archive.tar.xz",
        "aarch64-linux": "https://developer.download.nvidia.com/compute/nvcomp/redist/nvcomp/linux-sbsa/nvcomp-linux-sbsa-${version}_cuda${cuda-toolkit-version-mapping}-archive.tar.xz"
      }
    },
    "nvtx3": {
      "version": "3.1.0",
      "git_url": "https://github.com/NVIDIA/NVTX.git",
      "git_tag": "v${version}"
    },
    "rmm": {
      "version": "${rapids-cmake-version}",
      "git_url": "https://github.com/rapidsai/rmm.git",
      "git_tag": "branch-${version}"
    },
    "spdlog": {
      "version": "1.14.1",
      "git_url": "https://github.com/gabime/spdlog.git",
      "git_tag": "v${version}"
    }
  }
}
